{
    "timestamp" : 1548865879445,
    "revision" : {
        "HEAD" : "6817422228f0cce300dfed3a7c60a426238028d3",
        "currentBranch" : "refs/heads/migration_photon",
        "knownReferences" : null
    },
    "properties" : {
        "TARGET_PLATFORM_VERSION_MAXIMUM" : "null",
        "java.version" : "1.8.0_112",
        "user.dir" : "/Users/pauloborges/git/org.eclipse.papyrus-bpmn",
        "os.arch" : "x86_64",
        "RELEASE" : "null",
        "BUILD_ALIAS" : "null",
        "JOB_NAME" : "null",
        "os.version" : "10.14.4",
        "BUILD_NUMBER" : "null",
        "TARGET_PLATFORM_VERSION" : "null",
        "NODE_NAME" : "null",
        "HOSTNAME" : "Paulo-MacBook-Pro.local",
        "java.vendor" : "Oracle Corporation",
        "os.name" : "Mac OS X",
        "ZIPSUFFIX" : "null",
        "WORKSPACE" : "/Users/pauloborges/git/org.eclipse.papyrus-bpmn"
    },
    "upstream" : {"http://download.eclipse.org/releases/photon" : "Build info file not accessible: http://download.eclipse.org/releases/photon/buildinfo.json"}
}