<?xml version="1.0" encoding="UTF-8"?>
<site>
   <feature url="features/org.eclipse.papyrus.bpmn.feature_0.9.2.201901301628.jar" id="org.eclipse.papyrus.bpmn.feature" version="0.9.2.201901301628">
      <category name="org.eclipse.papyrus.category"/>
   </feature>
   <feature url="features/org.eclipse.papyrus.bpmn.feature.source_0.9.2.201901301628.jar" id="org.eclipse.papyrus.bpmn.feature.source" version="0.9.2.201901301628">
      <category name="org.eclipse.papyrus.category"/>
   </feature>
   <category-def name="org.eclipse.papyrus.category" label="Papyrus BPMN Category">
      <description>
         Papyrus BPMN Category
      </description>
   </category-def>
   <repository-reference location="http://download.eclipse.org/modeling/mdt/papyrus/updates/releases/photon/" enabled="true" />
</site>
